Workbook

Sheet Pre_engineering_festive_matrix
A1: ﻿CAL_DATE | B1: HARTALIK_TEEJ | C1: GANESH_CHATURTHI | D1: JANMASHTAMI | E1: VISHWAKARMA_PUJA | F1: KARWA_CHAUTH | G1: ONAM | H1: HANUMAN_JAYANTI | I1: AKSHYA_TRITIYA | J1: BUDDHA_PURNIMA | K1: GANGA_DUSSEHRA | L1: JAGANNATH_RATHYATRA | M1: GURU_PURNIMA | N1: NAG_PANCHAMI | O1: RAKSHA_BANDHAN | P1: MARRIAGE_DAY | Q1: FESTIVE_DAYS_FROM_DIWALI | R1: IS_NAVRATARI | S1: IS_NAVRATARI_START | T1: IS_NAVRATARI_END | U1: IS_DUSSEHRA | V1: IS_PITRA_PAKSHA | W1: IS_DHANTERAS
A2: 45017 | B2: 0 | C2: 0 | D2: 0 | E2: 0 | F2: 0 | G2: 0 | H2: 0 | I2: 0 | J2: 0 | K2: 0 | L2: 0 | M2: 0 | N2: 0 | O2: 0 | P2: 0 | Q2: =MAX(-20,MIN(10,$A2-VLOOKUP(YEAR($A2),'Festive dates'!$A$2:$J$5,8,FALSE))) -> -20 | R2: =IF(AND($A2>VLOOKUP(YEAR($A2),'Festive dates'!$A$2:$J$5,2,FALSE),$A2<VLOOKUP(YEAR($A2),'Festive dates'!$A$2:$J$5,3,FALSE)),1,0) -> 0 | S2: =IF($A2=VLOOKUP(YEAR($A2),'Festive dates'!$A$2:$J$5,2,FALSE),1,0) -> 0 | T2: =IF($A2=VLOOKUP(YEAR($A2),'Festive dates'!$A$2:$J$5,3,FALSE),1,0) -> 0 | U2: =IF($A2=VLOOKUP(YEAR($A2),'Festive dates'!$A$2:$J$5,4,FALSE),1,0) -> 0 | V2: =IF(AND($A2>=VLOOKUP(YEAR($A2),'Festive dates'!$A$2:$J$5,9,FALSE),$A2<=VLOOKUP(YEAR($A2),'Festive dates'!$A$2:$J$5,10,FALSE)),1,0) -> 0 | W2: =IF($A2=VLOOKUP(YEAR($A2),'Festive dates'!$A$2:$J$5,7,FALSE),1,0) -> 0
A3: 45018 | B3: 0 | C3: 0 | D3: 0 | E3: 0 | F3: 0 | G3: 0 | H3: 0 | I3: 0 | J3: 0 | K3: 0 | L3: 0 | M3: 0 | N3: 0 | O3: 0 | P3: 0 | Q3: =MAX(-20,MIN(10,$A3-VLOOKUP(YEAR($A3),'Festive dates'!$A$2:$J$5,8,FALSE))) -> -20 | R3: =IF(AND($A3>VLOOKUP(YEAR($A3),'Festive dates'!$A$2:$J$5,2,FALSE),$A3<VLOOKUP(YEAR($A3),'Festive dates'!$A$2:$J$5,3,FALSE)),1,0) -> 0 | S3: =IF($A3=VLOOKUP(YEAR($A3),'Festive dates'!$A$2:$J$5,2,FALSE),1,0) -> 0 | T3: =IF($A3=VLOOKUP(YEAR($A3),'Festive dates'!$A$2:$J$5,3,FALSE),1,0) -> 0 | U3: =IF($A3=VLOOKUP(YEAR($A3),'Festive dates'!$A$2:$J$5,4,FALSE),1,0) -> 0 | V3: =IF(AND($A3>=VLOOKUP(YEAR($A3),'Festive dates'!$A$2:$J$5,9,FALSE),$A3<=VLOOKUP(YEAR($A3),'Festive dates'!$A$2:$J$5,10,FALSE)),1,0) -> 0 | W3: =IF($A3=VLOOKUP(YEAR($A3),'Festive dates'!$A$2:$J$5,7,FALSE),1,0) -> 0
A4: 45019 | B4: 0 | C4: 0 | D4: 0 | E4: 0 | F4: 0 | G4: 0 | H4: 0 | I4: 0 | J4: 0 | K4: 0 | L4: 0 | M4: 0 | N4: 0 | O4: 0 | P4: 0 | Q4: =MAX(-20,MIN(10,$A4-VLOOKUP(YEAR($A4),'Festive dates'!$A$2:$J$5,8,FALSE))) -> -20 | R4: =IF(AND($A4>VLOOKUP(YEAR($A4),'Festive dates'!$A$2:$J$5,2,FALSE),$A4<VLOOKUP(YEAR($A4),'Festive dates'!$A$2:$J$5,3,FALSE)),1,0) -> 0 | S4: =IF($A4=VLOOKUP(YEAR($A4),'Festive dates'!$A$2:$J$5,2,FALSE),1,0) -> 0 | T4: =IF($A4=VLOOKUP(YEAR($A4),'Festive dates'!$A$2:$J$5,3,FALSE),1,0) -> 0 | U4: =IF($A4=VLOOKUP(YEAR($A4),'Festive dates'!$A$2:$J$5,4,FALSE),1,0) -> 0 | V4: =IF(AND($A4>=VLOOKUP(YEAR($A4),'Festive dates'!$A$2:$J$5,9,FALSE),$A4<=VLOOKUP(YEAR($A4),'Festive dates'!$A$2:$J$5,10,FALSE)),1,0) -> 0 | W4: =IF($A4=VLOOKUP(YEAR($A4),'Festive dates'!$A$2:$J$5,7,FALSE),1,0) -> 0
A5: 45020 | B5: 0 | C5: 0 | D5: 0 | E5: 0 | F5: 0 | G5: 0 | H5: 0 | I5: 0 | J5: 0 | K5: 0 | L5: 0 | M5: 0 | N5: 0 | O5: 0 | P5: 0 | Q5: =MAX(-20,MIN(10,$A5-VLOOKUP(YEAR($A5),'Festive dates'!$A$2:$J$5,8,FALSE))) -> -20 | R5: =IF(AND($A5>VLOOKUP(YEAR($A5),'Festive dates'!$A$2:$J$5,2,FALSE),$A5<VLOOKUP(YEAR($A5),'Festive dates'!$A$2:$J$5,3,FALSE)),1,0) -> 0 | S5: =IF($A5=VLOOKUP(YEAR($A5),'Festive dates'!$A$2:$J$5,2,FALSE),1,0) -> 0 | T5: =IF($A5=VLOOKUP(YEAR($A5),'Festive dates'!$A$2:$J$5,3,FALSE),1,0) -> 0 | U5: =IF($A5=VLOOKUP(YEAR($A5),'Festive dates'!$A$2:$J$5,4,FALSE),1,0) -> 0 | V5: =IF(AND($A5>=VLOOKUP(YEAR($A5),'Festive dates'!$A$2:$J$5,9,FALSE),$A5<=VLOOKUP(YEAR($A5),'Festive dates'!$A$2:$J$5,10,FALSE)),1,0) -> 0 | W5: =IF($A5=VLOOKUP(YEAR($A5),'Festive dates'!$A$2:$J$5,7,FALSE),1,0) -> 0
A6: 45021 | B6: 0 | C6: 0 | D6: 0 | E6: 0 | F6: 0 | G6: 0 | H6: 0 | I6: 0 | J6: 0 | K6: 0 | L6: 0 | M6: 0 | N6: 0 | O6: 0 | P6: 0 | Q6: =MAX(-20,MIN(10,$A6-VLOOKUP(YEAR($A6),'Festive dates'!$A$2:$J$5,8,FALSE))) -> -20 | R6: =IF(AND($A6>VLOOKUP(YEAR($A6),'Festive dates'!$A$2:$J$5,2,FALSE),$A6<VLOOKUP(YEAR($A6),'Festive dates'!$A$2:$J$5,3,FALSE)),1,0) -> 0 | S6: =IF($A6=VLOOKUP(YEAR($A6),'Festive dates'!$A$2:$J$5,2,FALSE),1,0) -> 0 | T6: =IF($A6=VLOOKUP(YEAR($A6),'Festive dates'!$A$2:$J$5,3,FALSE),1,0) -> 0 | U6: =IF($A6=VLOOKUP(YEAR($A6),'Festive dates'!$A$2:$J$5,4,FALSE),1,0) -> 0 | V6: =IF(AND($A6>=VLOOKUP(YEAR($A6),'Festive dates'!$A$2:$J$5,9,FALSE),$A6<=VLOOKUP(YEAR($A6),'Festive dates'!$A$2:$J$5,10,FALSE)),1,0) -> 0 | W6: =IF($A6=VLOOKUP(YEAR($A6),'Festive dates'!$A$2:$J$5,7,FALSE),1,0) -> 0
A7: 45022 | B7: 0 | C7: 0 | D7: 0 | E7: 0 | F7: 0 | G7: 0 | H7: 1 | I7: 0 | J7: 0 | K7: 0 | L7: 0 | M7: 0 | N7: 0 | O7: 0 | P7: 0 | Q7: =MAX(-20,MIN(10,$A7-VLOOKUP(YEAR($A7),'Festive dates'!$A$2:$J$5,8,FALSE))) -> -20 | R7: =IF(AND($A7>VLOOKUP(YEAR($A7),'Festive dates'!$A$2:$J$5,2,FALSE),$A7<VLOOKUP(YEAR($A7),'Festive dates'!$A$2:$J$5,3,FALSE)),1,0) -> 0 | S7: =IF($A7=VLOOKUP(YEAR($A7),'Festive dates'!$A$2:$J$5,2,FALSE),1,0) -> 0 | T7: =IF($A7=VLOOKUP(YEAR($A7),'Festive dates'!$A$2:$J$5,3,FALSE),1,0) -> 0 | U7: =IF($A7=VLOOKUP(YEAR($A7),'Festive dates'!$A$2:$J$5,4,FALSE),1,0) -> 0 | V7: =IF(AND($A7>=VLOOKUP(YEAR($A7),'Festive dates'!$A$2:$J$5,9,FALSE),$A7<=VLOOKUP(YEAR($A7),'Festive dates'!$A$2:$J$5,10,FALSE)),1,0) -> 0 | W7: =IF($A7=VLOOKUP(YEAR($A7),'Festive dates'!$A$2:$J$5,7,FALSE),1,0) -> 0
A8: 45023 | B8: 0 | C8: 0 | D8: 0 | E8: 0 | F8: 0 | G8: 0 | H8: 0 | I8: 0 | J8: 0 | K8: 0 | L8: 0 | M8: 0 | N8: 0 | O8: 0 | P8: 0 | Q8: =MAX(-20,MIN(10,$A8-VLOOKUP(YEAR($A8),'Festive dates'!$A$2:$J$5,8,FALSE))) -> -20 | R8: =IF(AND($A8>VLOOKUP(YEAR($A8),'Festive dates'!$A$2:$J$5,2,FALSE),$A8<VLOOKUP(YEAR($A8),'Festive dates'!$A$2:$J$5,3,FALSE)),1,0) -> 0 | S8: =IF($A8=VLOOKUP(YEAR($A8),'Festive dates'!$A$2:$J$5,2,FALSE),1,0) -> 0 | T8: =IF($A8=VLOOKUP(YEAR($A8),'Festive dates'!$A$2:$J$5,3,FALSE),1,0) -> 0 | U8: =IF($A8=VLOOKUP(YEAR($A8),'Festive dates'!$A$2:$J$5,4,FALSE),1,0) -> 0 | V8: =IF(AND($A8>=VLOOKUP(YEAR($A8),'Festive dates'!$A$2:$J$5,9,FALSE),$A8<=VLOOKUP(YEAR($A8),'Festive dates'!$A$2:$J$5,10,FALSE)),1,0) -> 0 | W8: =IF($A8=VLOOKUP(YEAR($A8),'Festive dates'!$A$2:$J$5,7,FALSE),1,0) -> 0
A9: 45024 | B9: 0 | C9: 0 | D9: 0 | E9: 0 | F9: 0 | G9: 0 | H9: 0 | I9: 0 | J9: 0 | K9: 0 | L9: 0 | M9: 0 | N9: 0 | O9: 0 | P9: 0 | Q9: =MAX(-20,MIN(10,$A9-VLOOKUP(YEAR($A9),'Festive dates'!$A$2:$J$5,8,FALSE))) -> -20 | R9: =IF(AND($A9>VLOOKUP(YEAR($A9),'Festive dates'!$A$2:$J$5,2,FALSE),$A9<VLOOKUP(YEAR($A9),'Festive dates'!$A$2:$J$5,3,FALSE)),1,0) -> 0 | S9: =IF($A9=VLOOKUP(YEAR($A9),'Festive dates'!$A$2:$J$5,2,FALSE),1,0) -> 0 | T9: =IF($A9=VLOOKUP(YEAR($A9),'Festive dates'!$A$2:$J$5,3,FALSE),1,0) -> 0 | U9: =IF($A9=VLOOKUP(YEAR($A9),'Festive dates'!$A$2:$J$5,4,FALSE),1,0) -> 0 | V9: =IF(AND($A9>=VLOOKUP(YEAR($A9),'Festive dates'!$A$2:$J$5,9,FALSE),$A9<=VLOOKUP(YEAR($A9),'Festive dates'!$A$2:$J$5,10,FALSE)),1,0) -> 0 | W9: =IF($A9=VLOOKUP(YEAR($A9),'Festive dates'!$A$2:$J$5,7,FALSE),1,0) -> 0
A10: 45025 | B10: 0 | C10: 0 | D10: 0 | E10: 0 | F10: 0 | G10: 0 | H10: 0 | I10: 0 | J10: 0 | K10: 0 | L10: 0 | M10: 0 | N10: 0 | O10: 0 | P10: 0 | Q10: =MAX(-20,MIN(10,$A10-VLOOKUP(YEAR($A10),'Festive dates'!$A$2:$J$5,8,FALSE))) -> -20 | R10: =IF(AND($A10>VLOOKUP(YEAR($A10),'Festive dates'!$A$2:$J$5,2,FALSE),$A10<VLOOKUP(YEAR($A10),'Festive dates'!$A$2:$J$5,3,FALSE)),1,0) -> 0 | S10: =IF($A10=VLOOKUP(YEAR($A10),'Festive dates'!$A$2:$J$5,2,FALSE),1,0) -> 0 | T10: =IF($A10=VLOOKUP(YEAR($A10),'Festive dates'!$A$2:$J$5,3,FALSE),1,0) -> 0 | U10: =IF($A10=VLOOKUP(YEAR($A10),'Festive dates'!$A$2:$J$5,4,FALSE),1,0) -> 0 | V10: =IF(AND($A10>=VLOOKUP(YEAR($A10),'Festive dates'!$A$2:$J$5,9,FALSE),$A10<=VLOOKUP(YEAR($A10),'Festive dates'!$A$2:$J$5,10,FALSE)),1,0) -> 0 | W10: =IF($A10=VLOOKUP(YEAR($A10),'Festive dates'!$A$2:$J$5,7,FALSE),1,0) -> 0
A11: 45026 | B11: 0 | C11: 0 | D11: 0 | E11: 0 | F11: 0 | G11: 0 | H11: 0 | I11: 0 | J11: 0 | K11: 0 | L11: 0 | M11: 0 | N11: 0 | O11: 0 | P11: 0 | Q11: =MAX(-20,MIN(10,$A11-VLOOKUP(YEAR($A11),'Festive dates'!$A$2:$J$5,8,FALSE))) -> -20 | R11: =IF(AND($A11>VLOOKUP(YEAR($A11),'Festive dates'!$A$2:$J$5,2,FALSE),$A11<VLOOKUP(YEAR($A11),'Festive dates'!$A$2:$J$5,3,FALSE)),1,0) -> 0 | S11: =IF($A11=VLOOKUP(YEAR($A11),'Festive dates'!$A$2:$J$5,2,FALSE),1,0) -> 0 | T11: =IF($A11=VLOOKUP(YEAR($A11),'Festive dates'!$A$2:$J$5,3,FALSE),1,0) -> 0 | U11: =IF($A11=VLOOKUP(YEAR($A11),'Festive dates'!$A$2:$J$5,4,FALSE),1,0) -> 0 | V11: =IF(AND($A11>=VLOOKUP(YEAR($A11),'Festive dates'!$A$2:$J$5,9,FALSE),$A11<=VLOOKUP(YEAR($A11),'Festive dates'!$A$2:$J$5,10,FALSE)),1,0) -> 0 | W11: =IF($A11=VLOOKUP(YEAR($A11),'Festive dates'!$A$2:$J$5,7,FALSE),1,0) -> 0
A12: 45027 | B12: 0 | C12: 0 | D12: 0 | E12: 0 | F12: 0 | G12: 0 | H12: 0 | I12: 0 | J12: 0 | K12: 0 | L12: 0 | M12: 0 | N12: 0 | O12: 0 | P12: 0 | Q12: =MAX(-20,MIN(10,$A12-VLOOKUP(YEAR($A12),'Festive dates'!$A$2:$J$5,8,FALSE))) -> -20 | R12: =IF(AND($A12>VLOOKUP(YEAR($A12),'Festive dates'!$A$2:$J$5,2,FALSE),$A12<VLOOKUP(YEAR($A12),'Festive dates'!$A$2:$J$5,3,FALSE)),1,0) -> 0 | S12: =IF($A12=VLOOKUP(YEAR($A12),'Festive dates'!$A$2:$J$5,2,FALSE),1,0) -> 0 | T12: =IF($A12=VLOOKUP(YEAR($A12),'Festive dates'!$A$2:$J$5,3,FALSE),1,0) -> 0 | U12: =IF($A12=VLOOKUP(YEAR($A12),'Festive dates'!$A$2:$J$5,4,FALSE),1,0) -> 0 | V12: =IF(AND($A12>=VLOOKUP(YEAR($A12),'Festive dates'!$A$2:$J$5,9,FALSE),$A12<=VLOOKUP(YEAR($A12),'Festive dates'!$A$2:$J$5,10,FALSE)),1,0) -> 0 | W12: =IF($A12=VLOOKUP(YEAR($A12),'Festive dates'!$A$2:$J$5,7,FALSE),1,0) -> 0
A13: 45028 | B13: 0 | C13: 0 | D13: 0 | E13: 0 | F13: 0 | G13: 0 | H13: 0 | I13: 0 | J13: 0 | K13: 0 | L13: 0 | M13: 0 | N13: 0 | O13: 0 | P13: 0 | Q13: =MAX(-20,MIN(10,$A13-VLOOKUP(YEAR($A13),'Festive dates'!$A$2:$J$5,8,FALSE))) -> -20 | R13: =IF(AND($A13>VLOOKUP(YEAR($A13),'Festive dates'!$A$2:$J$5,2,FALSE),$A13<VLOOKUP(YEAR($A13),'Festive dates'!$A$2:$J$5,3,FALSE)),1,0) -> 0 | S13: =IF($A13=VLOOKUP(YEAR($A13),'Festive dates'!$A$2:$J$5,2,FALSE),1,0) -> 0 | T13: =IF($A13=VLOOKUP(YEAR($A13),'Festive dates'!$A$2:$J$5,3,FALSE),1,0) -> 0 | U13: =IF($A13=VLOOKUP(YEAR($A13),'Festive dates'!$A$2:$J$5,4,FALSE),1,0) -> 0 | V13: =IF(AND($A13>=VLOOKUP(YEAR($A13),'Festive dates'!$A$2:$J$5,9,FALSE),$A13<=VLOOKUP(YEAR($A13),'Festive dates'!$A$2:$J$5,10,FALSE)),1,0) -> 0 | W13: =IF($A13=VLOOKUP(YEAR($A13),'Festive dates'!$A$2:$J$5,7,FALSE),1,0) -> 0
... A1348: 46363 | B1348: 0 | C1348: 0 | D1348: 0 | E1348: 0 | F1348: 0 | G1348: 0 | H1348: 0 | I1348: 0 | J1348: 0 | K1348: 0 | L1348: 0 | M1348: 0 | N1348: 0 | O1348: 0 | P1348: 0 | Q1348: =MAX(-20,MIN(10,$A1348-VLOOKUP(YEAR($A1348),'Festive dates'!$A$2:$J$5,8,FALSE))) -> 10 | R1348: =IF(AND($A1348>VLOOKUP(YEAR($A1348),'Festive dates'!$A$2:$J$5,2,FALSE),$A1348<VLOOKUP(YEAR($A1348),'Festive dates'!$A$2:$J$5,3,FALSE)),1,0) -> 0 | S1348: =IF($A1348=VLOOKUP(YEAR($A1348),'Festive dates'!$A$2:$J$5,2,FALSE),1,0) -> 0 | T1348: =IF($A1348=VLOOKUP(YEAR($A1348),'Festive dates'!$A$2:$J$5,3,FALSE),1,0) -> 0 | U1348: =IF($A1348=VLOOKUP(YEAR($A1348),'Festive dates'!$A$2:$J$5,4,FALSE),1,0) -> 0 | V1348: =IF(AND($A1348>=VLOOKUP(YEAR($A1348),'Festive dates'!$A$2:$J$5,9,FALSE),$A1348<=VLOOKUP(YEAR($A1348),'Festive dates'!$A$2:$J$5,10,FALSE)),1,0) -> 0 | W1348: =IF($A1348=VLOOKUP(YEAR($A1348),'Festive dates'!$A$2:$J$5,7,FALSE),1,0) -> 0

Sheet Festive dates
A1: YEAR | B1: NAVRATRI_START | C1: NAVRATRI_END | D1: DUSSEHRA | E1: PITRA_START_SUPPLIED | F1: PITRA_END_SUPPLIED | G1: DHANTERAS | H1: DIWALI | I1: PITRA_FEATURE_START | J1: PITRA_FEATURE_END
A2: 2023 | B2: 45214 | C2: 45222 | D2: 45223 | E2: 45198 | F2: 45213 | G2: 45240 | H2: 45242 | I2: =B2-16 -> 45198 | J2: =B2-1 -> 45213
A3: 2024 | B3: 45568 | C3: 45577 | D3: 45577 | E3: 45552 | F3: 45567 | G3: 45594 | H3: 45596 | I3: =B3-16 -> 45552 | J3: =B3-1 -> 45567
A4: 2025 | B4: 45922 | C4: 45931 | D4: 45932 | E4: 45907 | F4: 45921 | G4: 45948 | H4: 45950 | I4: =B4-16 -> 45906 | J4: =B4-1 -> 45921
A5: 2026 | B5: 46306 | C5: 46314 | D5: 46315 | E5: 46292 | F5: 46305 | G5: 46332 | H5: 46334 | I5: =B5-16 -> 46290 | J5: =B5-1 -> 46305
A8: Definitions and source decisions
A9: Dates: supplied Festive Dates 2026-27 worksheet. Historical column headings determine years; month/day values are retained.
A10: 2026 Diwali: November 8, from the original matrix D=1. The supplied 2026 Diwali cell contains text rather than a date.
A11: FESTIVE_DAYS_FROM_DIWALI = CAL_DATE minus same-year Diwali, clipped to [-20, +10]. Before Diwali is negative.
A12: IS_NAVRATARI marks dates strictly between the supplied Navratri start and Mahanavami dates; endpoints have separate flags.
A13: The supplied 2024 Mahanavami and Dussehra both fall on October 12. Both flags equal 1 on that date.
A14: IS_PITRA_PAKSHA follows Feature_engineering_set_up: the 16 days immediately before Navratri (N-16 through N-1).
A15: This gives September 6-21 in 2025 and September 25-October 10 in 2026, differing from the supplied starts retained in column E.
A16: Removed the 35 explicitly listed offset columns. N and D are retained unchanged. All 1,347 input dates and other values are preserved.
